_ Seq,_Change ID,Site,Instance Type,URL,Value,Timestamp
1,EXCPCHG_123_82,Albany,SIT,ayh-prime-test_n.na.pg.com:7350,PO,9-Feb-22
2,MSDTCHG_001_01,Albany,SIT,ayh-prime-test_n.na.pg.com:7350,PM,9-Feb-22
3,TMPLCHG_314_01_A,Albany,SIT,ayh-prime-test_n.na.pg.com:7350,OB,9-Feb-22
4,TMPLCHG_789_01,Albany,SIT,ayh-prime-test_n.na.pg.com:7350,DE,9-Feb-22
1,EXCPCHG_123_82,Bangkok,BAT,bkk-prime-test.ap.pg.com:7350,DE,9-Feb-22
2,MSDTCHG_001_01,Bangkok,BAT,bkk-prime-test.ap.pg.com:7350,DE,9-Feb-22
3,TMPLCHG_314_01_A,Bangkok,BAT,bkk-prime-test.ap.pg.com:7350,OB,9-Feb-22
4,TMPLCHG_789_01,Bangkok,BAT,bkk-prime-test.ap.pg.com:7350,PM,9-Feb-22
1,EXCPCHG_123_82,Dallas,PROD,bkk-prime-test.ap.pg.com:7350,DE,9-Feb-22
2,MSDTCHG_001_01,Dallas,PROD,bkk-prime-test.ap.pg.com:7350,PO,9-Feb-22
3,TMPLCHG_314_01_A,Dallas,PROD,bkk-prime-test.ap.pg.com:7350,OB,9-Feb-22
4,TMPLCHG_789_01,Dallas,PROD,bkk-prime-test.ap.pg.com:7350,DE,9-Feb-22
